Capacity_mAh_g,Voltage_V
0.00000,2.98040
0.00000,3.00160
0.00000,3.02160
0.00000,3.03730
0.00000,3.05280
0.00000,3.06450
0.00000,3.07900
0.00000,3.09550
0.00000,3.11170
0.10000,3.12470
0.10000,3.13760
0.10000,3.15010
0.10000,3.16220
0.10000,3.17660
0.10000,3.19060
0.10000,3.20220
0.10000,3.22230
0.10000,3.23320
0.10000,3.24390
0.10000,3.25890
0.10000,3.27750
0.10000,3.28760
0.10000,3.29770
0.10000,3.30980
0.10000,3.32140
0.10000,3.34080
0.10000,3.36000
0.10000,3.38050
0.10000,3.39870
0.10000,3.41690
0.10000,3.43860
0.10000,3.45460
0.20000,3.47190
0.20000,3.48250
0.20000,3.49280
0.20000,3.50990
0.20000,3.52680
0.20000,3.54540
0.20000,3.56200
0.20000,3.57670
0.20000,3.59650
0.20000,3.61270
0.20000,3.62710
0.20000,3.64610
0.20000,3.66020
0.20000,3.67590
0.20000,3.69570
0.20000,3.70940
0.20000,3.72440
0.20000,3.74210
0.20000,3.75510
0.30000,3.76950
0.30000,3.78660
0.30000,3.79900
0.30000,3.81400
0.30000,3.82980
0.30000,3.84130
0.40000,3.85370
0.50000,3.86730
0.80000,3.88180
1.30000,3.89620
1.90000,3.90810
2.50000,3.91910
3.10000,3.92980
3.60000,3.93990
4.20000,3.95000
4.80000,3.96000
5.40000,3.96950
6.00000,3.97410
6.50000,3.97690
7.10000,3.97860
7.70000,3.97990
8.30000,3.98080
8.80000,3.98140
9.40000,3.98200
10.00000,3.98250
10.60000,3.98280
11.20000,3.98330
11.70000,3.98380
12.30000,3.98410
12.90000,3.98450
13.50000,3.98480
14.10000,3.98530
14.60000,3.98560
15.20000,3.98610
15.80000,3.98650
16.40000,3.98690
16.90000,3.98750
17.50000,3.98790
18.10000,3.98830
18.70000,3.98870
19.30000,3.98900
19.80000,3.98960
20.40000,3.99030
21.00000,3.99090
21.60000,3.99170
22.20000,3.99230
22.70000,3.99310
23.30000,3.99380
23.90000,3.99460
24.50000,3.99540
25.00000,3.99630
25.60000,3.99710
26.20000,3.99800
26.80000,3.99890
27.40000,3.99990
27.90000,4.00080
28.50000,4.00170
29.10000,4.00280
29.70000,4.00380
30.20000,4.00480
30.80000,4.00590
31.40000,4.00690
32.00000,4.00790
32.60000,4.00900
33.10000,4.01030
33.70000,4.01130
34.30000,4.01260
34.90000,4.01380
35.40000,4.01490
36.00000,4.01620
36.60000,4.01740
37.20000,4.01880
37.80000,4.02020
38.30000,4.02160
38.90000,4.02300
39.50000,4.02440
40.10000,4.02590
40.70000,4.02750
41.20000,4.02900
41.80000,4.03060
42.40000,4.03230
43.00000,4.03400
43.50000,4.03570
44.10000,4.03740
44.70000,4.03920
45.30000,4.04080
45.90000,4.04270
46.40000,4.04450
47.00000,4.04650
47.60000,4.04850
48.20000,4.05070
48.70000,4.05290
49.30000,4.05510
49.90000,4.05720
50.50000,4.05960
51.10000,4.06190
51.60000,4.06440
52.20000,4.06670
52.80000,4.06920
53.40000,4.07180
54.00000,4.07430
54.50000,4.07710
55.10000,4.07990
55.70000,4.08270
56.30000,4.08560
56.80000,4.08850
57.40000,4.09150
58.00000,4.09430
58.60000,4.09740
59.20000,4.10060
59.70000,4.10370
60.30000,4.10710
60.90000,4.11040
61.50000,4.11400
62.00000,4.11740
62.60000,4.12080
63.20000,4.12430
63.80000,4.12790
64.40000,4.13160
64.90000,4.13550
65.50000,4.13950
66.10000,4.14370
66.70000,4.14790
67.30000,4.15270
67.80000,4.15750
68.40000,4.16280
69.00000,4.16810
69.60000,4.17330
70.10000,4.17880
70.70000,4.18390
71.30000,4.18870
71.90000,4.19330
72.50000,4.19770
73.00000,4.20230
73.60000,4.20680
74.20000,4.21150
74.80000,4.21630
75.30000,4.22120
75.90000,4.22620
76.50000,4.23150
77.10000,4.23670
77.70000,4.24220
78.20000,4.24760
78.80000,4.25300
79.40000,4.25860
79.50000,4.26430
0.00000,4.27560
0.10000,4.28140
0.20000,4.28730
0.40000,4.29320
0.50000,4.29900
0.70000,4.30000
1.00000,4.23270
1.20000,4.22260
1.30000,4.21690
1.50000,4.21220
1.60000,4.20820
1.80000,4.20450
1.90000,4.20110
2.10000,4.19780
2.20000,4.19470
2.40000,4.19180
2.50000,4.18900
2.70000,4.18620
2.80000,4.18340
3.00000,4.18080
3.10000,4.17810
3.30000,4.17570
3.40000,4.17320
3.60000,4.17070
3.70000,4.16850
3.90000,4.16600
4.00000,4.16390
4.20000,4.16160
4.30000,4.15920
4.50000,4.15710
4.60000,4.15470
4.80000,4.15260
5.00000,4.15040
5.10000,4.14840
5.30000,4.14620
5.40000,4.14420
5.60000,4.14220
5.70000,4.14020
5.90000,4.13800
6.00000,4.13610
6.20000,4.13410
6.30000,4.13210
6.50000,4.13010
6.60000,4.12820
6.80000,4.12620
6.90000,4.12430
7.10000,4.12250
7.20000,4.12080
7.40000,4.11890
7.50000,4.11720
7.70000,4.11550
7.80000,4.11370
8.00000,4.11190
8.20000,4.11010
8.30000,4.10840
8.50000,4.10650
8.60000,4.10480
8.80000,4.10300
8.90000,4.10110
9.10000,4.09920
9.20000,4.09740
9.40000,4.09540
9.50000,4.09350
9.70000,4.09180
9.80000,4.08990
10.00000,4.08790
10.10000,4.08610
10.30000,4.08400
10.40000,4.08220
10.60000,4.08020
10.70000,4.07830
10.90000,4.07650
11.00000,4.07460
11.20000,4.07270
11.30000,4.07090
11.50000,4.06900
11.70000,4.06720
11.80000,4.06560
12.00000,4.06390
12.10000,4.06220
12.30000,4.06050
12.40000,4.05890
12.60000,4.05720
12.70000,4.05570
12.90000,4.05410
13.00000,4.05260
13.20000,4.05120
13.30000,4.04960
13.50000,4.04810
13.60000,4.04670
13.80000,4.04510
13.90000,4.04370
14.10000,4.04220
14.20000,4.04080
14.40000,4.03960
14.50000,4.03820
14.70000,4.03680
14.80000,4.03540
15.00000,4.03400
15.10000,4.03240
15.30000,4.03120
15.50000,4.02980
15.60000,4.02840
15.80000,4.02700
15.90000,4.02560
16.10000,4.02440
16.20000,4.02300
16.40000,4.02160
16.50000,4.02030
16.70000,4.01890
16.80000,4.01750
17.00000,4.01630
17.10000,4.01510
17.30000,4.01380
17.40000,4.01240
17.60000,4.01120
17.70000,4.00980
17.90000,4.00860
18.00000,4.00720
18.20000,4.00590
18.30000,4.00470
18.50000,4.00340
18.60000,4.00200
18.80000,4.00080
18.90000,3.99940
19.10000,3.99820
19.30000,3.99690
19.40000,3.99550
19.60000,3.99430
19.70000,3.99310
19.90000,3.99180
20.00000,3.99060
20.20000,3.98930
20.30000,3.98830
20.50000,3.98690
20.60000,3.98560
20.80000,3.98440
20.90000,3.98310
21.10000,3.98200
21.20000,3.98080
21.40000,3.97960
21.50000,3.97830
21.70000,3.97710
21.80000,3.97600
22.00000,3.97480
22.10000,3.97350
22.30000,3.97230
22.50000,3.97120
22.60000,3.97000
22.80000,3.96890
22.90000,3.96750
23.10000,3.96640
23.20000,3.96520
23.40000,3.96410
23.50000,3.96280
23.70000,3.96190
23.80000,3.96080
24.00000,3.95960
24.10000,3.95850
24.30000,3.95740
24.40000,3.95620
24.60000,3.95510
24.70000,3.95400
24.90000,3.95290
25.00000,3.95180
25.20000,3.95070
25.30000,3.94970
25.50000,3.94860
25.60000,3.94750
25.80000,3.94640
26.00000,3.94530
26.10000,3.94420
26.30000,3.94310
26.40000,3.94210
26.60000,3.94100
26.70000,3.94000
26.90000,3.93900
27.00000,3.93790
27.20000,3.93690
27.30000,3.93600
27.50000,3.93490
27.60000,3.93380
27.80000,3.93290
27.90000,3.93200
28.10000,3.93090
28.20000,3.92980
28.40000,3.92890
28.50000,3.92780
28.70000,3.92690
28.80000,3.92590
29.00000,3.92490
29.10000,3.92390
29.30000,3.92300
29.50000,3.92190
29.60000,3.92100
29.80000,3.92000
29.90000,3.91910
30.10000,3.91820
30.20000,3.91710
30.40000,3.91620
30.50000,3.91520
30.70000,3.91430
30.80000,3.91340
31.00000,3.91250
31.10000,3.91150
31.30000,3.91070
31.40000,3.90980
31.60000,3.90890
31.70000,3.90800
31.90000,3.90700
32.00000,3.90610
32.20000,3.90520
32.30000,3.90420
32.50000,3.90330
32.60000,3.90250
32.80000,3.90160
33.00000,3.90070
33.10000,3.89990
33.30000,3.89900
33.40000,3.89800
33.60000,3.89730
33.70000,3.89630
33.90000,3.89540
34.00000,3.89460
34.20000,3.89370
34.30000,3.89290
34.50000,3.89200
34.60000,3.89120
34.80000,3.89030
34.90000,3.88950
35.10000,3.88860
35.20000,3.88780
35.40000,3.88700
35.50000,3.88630
35.70000,3.88530
35.80000,3.88450
36.00000,3.88380
36.10000,3.88300
36.30000,3.88220
36.40000,3.88130
36.60000,3.88050
36.80000,3.87970
36.90000,3.87900
37.10000,3.87820
37.20000,3.87740
37.40000,3.87660
37.50000,3.87590
37.70000,3.87510
37.80000,3.87430
38.00000,3.87350
38.10000,3.87280
38.30000,3.87210
38.40000,3.87140
38.60000,3.87060
38.70000,3.86980
38.90000,3.86900
39.00000,3.86840
39.20000,3.86770
39.30000,3.86700
39.50000,3.86630
39.60000,3.86560
39.80000,3.86490
39.90000,3.86420
40.10000,3.86360
40.30000,3.86280
40.40000,3.86220
40.60000,3.86160
40.70000,3.86100
40.90000,3.86040
41.00000,3.85970
41.20000,3.85910
41.30000,3.85870
41.50000,3.85800
41.60000,3.85740
41.80000,3.85680
41.90000,3.85600
42.10000,3.85560
42.20000,3.85490
42.40000,3.85430
42.50000,3.85370
42.70000,3.85310
42.80000,3.85260
43.00000,3.85220
43.10000,3.85150
43.30000,3.85110
43.40000,3.85040
43.60000,3.85000
43.70000,3.84950
43.90000,3.84890
44.10000,3.84840
44.20000,3.84800
44.40000,3.84750
44.50000,3.84700
44.70000,3.84640
44.80000,3.84610
45.00000,3.84560
45.10000,3.84520
45.30000,3.84460
45.40000,3.84410
45.60000,3.84360
45.70000,3.84320
45.90000,3.84290
46.00000,3.84240
46.20000,3.84190
46.30000,3.84160
46.50000,3.84110
46.60000,3.84070
46.80000,3.84040
46.90000,3.83990
47.10000,3.83940
47.30000,3.83910
47.40000,3.83870
47.60000,3.83840
47.70000,3.83790
47.90000,3.83760
48.00000,3.83710
48.20000,3.83670
48.30000,3.83630
48.50000,3.83590
48.60000,3.83560
48.80000,3.83510
48.90000,3.83480
49.10000,3.83450
49.20000,3.83400
49.40000,3.83370
49.50000,3.83320
49.70000,3.83290
49.80000,3.83280
50.00000,3.83230
50.10000,3.83180
50.30000,3.83150
50.40000,3.83110
50.60000,3.83060
50.80000,3.83030
50.90000,3.82980
51.10000,3.82950
51.20000,3.82910
51.40000,3.82860
51.50000,3.82810
51.70000,3.82780
51.80000,3.82730
52.00000,3.82700
52.10000,3.82660
52.30000,3.82610
52.40000,3.82560
52.60000,3.82530
52.70000,3.82490
52.90000,3.82440
53.00000,3.82390
53.20000,3.82350
53.30000,3.82300
53.50000,3.82250
53.60000,3.82220
53.80000,3.82180
53.90000,3.82130
54.10000,3.82070
54.20000,3.82020
54.40000,3.81980
54.60000,3.81930
54.70000,3.81880
54.90000,3.81820
55.00000,3.81770
55.20000,3.81730
55.30000,3.81680
55.50000,3.81620
55.60000,3.81560
55.80000,3.81510
55.90000,3.81450
56.10000,3.81400
56.20000,3.81340
56.40000,3.81290
56.50000,3.81230
56.70000,3.81170
56.80000,3.81110
57.00000,3.81060
57.10000,3.80980
57.30000,3.80920
57.40000,3.80860
57.60000,3.80800
57.80000,3.80740
57.90000,3.80670
58.10000,3.80630
58.20000,3.80550
58.40000,3.80490
58.50000,3.80410
58.70000,3.80350
58.80000,3.80270
59.00000,3.80210
59.10000,3.80130
59.30000,3.80050
59.40000,3.79980
59.60000,3.79900
59.70000,3.79820
59.90000,3.79740
60.00000,3.79670
60.20000,3.79590
60.30000,3.79510
60.50000,3.79420
60.60000,3.79320
60.80000,3.79250
60.90000,3.79170
61.10000,3.79080
61.20000,3.78980
61.40000,3.78890
61.60000,3.78800
61.70000,3.78700
61.90000,3.78610
62.00000,3.78520
62.20000,3.78430
62.30000,3.78330
62.50000,3.78220
62.60000,3.78120
62.80000,3.78040
62.90000,3.77930
63.10000,3.77820
63.20000,3.77710
63.40000,3.77600
63.50000,3.77500
63.70000,3.77390
63.80000,3.77280
64.00000,3.77150
64.10000,3.77050
64.30000,3.76920
64.40000,3.76800
64.60000,3.76690
64.70000,3.76550
64.90000,3.76430
65.00000,3.76300
65.20000,3.76160
65.40000,3.76040
65.50000,3.75910
65.70000,3.75780
65.80000,3.75640
66.00000,3.75500
66.10000,3.75370
66.30000,3.75220
66.40000,3.75080
66.60000,3.74920
66.70000,3.74780
66.90000,3.74630
67.00000,3.74470
67.20000,3.74320
67.30000,3.74150
67.50000,3.73980
67.60000,3.73820
67.80000,3.73640
67.90000,3.73470
68.10000,3.73290
68.20000,3.73110
68.40000,3.72940
68.50000,3.72770
68.70000,3.72570
68.80000,3.72380
69.00000,3.72180
69.20000,3.71980
69.30000,3.71780
69.50000,3.71560
69.60000,3.71340
69.80000,3.71110
69.90000,3.70890
70.10000,3.70640
70.20000,3.70410
70.40000,3.70180
70.50000,3.69930
70.70000,3.69670
70.80000,3.69400
71.00000,3.69130
71.10000,3.68850
71.30000,3.68550
71.40000,3.68260
71.60000,3.67950
71.70000,3.67650
71.90000,3.67310
72.00000,3.66970
72.20000,3.66610
72.40000,3.66260
72.50000,3.65870
72.70000,3.65480
72.80000,3.65080
73.00000,3.64680
73.10000,3.64210
73.30000,3.63760
73.40000,3.63280
73.60000,3.62790
73.70000,3.62270
73.90000,3.61730
74.00000,3.61160
74.20000,3.60540
74.30000,3.59900
74.50000,3.59270
74.60000,3.58550
74.80000,3.57790
74.90000,3.57020
75.00000,3.56180
75.10000,3.55280
75.20000,3.54340
75.30000,3.53310
75.40000,3.52310
75.50000,3.51300
75.60000,3.50290
75.70000,3.49280
75.70000,3.48280
75.80000,3.47250
75.90000,3.46250
76.00000,3.45240
76.00000,3.44230
76.10000,3.43210
76.10000,3.42170
76.20000,3.41160
76.30000,3.40140
76.30000,3.39130
76.40000,3.38080
76.40000,3.37070
76.50000,3.36020
76.50000,3.34980
76.60000,3.33950
76.60000,3.32910
76.60000,3.31910
76.70000,3.30870
76.70000,3.29850
76.80000,3.28820
76.80000,3.27800
76.80000,3.26710
76.90000,3.25710
76.90000,3.24700
77.00000,3.23660
77.00000,3.22620
77.00000,3.21570
77.10000,3.20560
77.10000,3.19550
77.10000,3.18510
77.20000,3.17460
77.20000,3.16410
77.20000,3.15350
77.30000,3.14330
77.30000,3.13280
77.30000,3.12270
77.40000,3.11260
77.40000,3.10190
77.40000,3.09180
77.50000,3.08160
77.50000,3.07120
77.50000,3.06050
77.50000,3.05000
77.60000,3.03960
77.60000,3.02870
77.60000,3.01870
77.70000,3.00780
77.70000,2.99760
77.70000,2.98660
77.70000,2.97570
77.80000,2.96520
77.80000,2.95510
77.80000,2.94430
77.80000,2.93400
77.90000,2.92350
77.90000,2.91340
77.90000,2.90300
77.90000,2.89250
78.00000,2.88230
78.00000,2.87160
78.00000,2.86060
78.00000,2.84950
78.10000,2.83890
78.10000,2.82860
78.10000,2.81780
78.10000,2.80750
78.20000,2.79620
78.20000,2.78600
78.20000,2.77560
78.20000,2.76520
78.30000,2.75470
78.30000,2.74400
78.30000,2.73360
78.30000,2.72310
78.40000,2.71270
78.40000,2.70230
78.40000,2.69170
78.40000,2.68150
78.50000,2.67100
78.50000,2.66060
78.50000,2.64970
78.50000,2.63920
78.50000,2.62870
78.60000,2.61770
78.60000,2.60730
78.60000,2.59630
78.60000,2.58560
78.70000,2.57490
78.70000,2.56430
78.70000,2.55390
78.70000,2.54320
78.80000,2.53260
78.80000,2.52220
78.80000,2.51180
78.80000,2.50170
78.90000,2.49130
78.90000,2.48030
78.90000,2.46920
